{"cameraMode":{"drawMode":0,"name":"Shaded","section":"Shading Mode"},"sceneLighting":true,"audioPlay":false,"sceneViewState":{"m_AlwaysRefresh":false,"showFog":true,"showSkybox":true,"showFlares":true,"showImageEffects":true,"showParticleSystems":true,"showVisualEffectGraphs":true,"m_FxEnabled":true},"in2DMode":false,"pivot":{"x":0.6188051700592041,"y":-1.8725557327270508,"z":3.643554210662842},"rotation":{"x":-0.21994391083717347,"y":-0.0681270956993103,"z":0.015400076285004616,"w":-0.9730122089385986},"size":2.8692891597747804,"orthographic":false}