{"cameraMode":{"drawMode":0,"name":"Shaded","section":"Shading Mode"},"sceneLighting":false,"audioPlay":false,"sceneViewState":{"m_AlwaysRefresh":false,"showFog":true,"showSkybox":false,"showFlares":true,"showImageEffects":true,"showParticleSystems":true,"showVisualEffectGraphs":true,"m_FxEnabled":true},"in2DMode":false,"pivot":{"x":0.1460270881652832,"y":0.3211565613746643,"z":-0.08813230693340302},"rotation":{"x":0.18512505292892457,"y":0.7247589826583862,"z":-0.21351824700832368,"w":0.6283859014511108},"size":0.38904035091400149,"orthographic":false}