{"cameraMode":{"drawMode":0,"name":"Shaded","section":"Shading Mode"},"sceneLighting":false,"audioPlay":false,"sceneViewState":{"m_AlwaysRefresh":false,"showFog":true,"showSkybox":false,"showFlares":true,"showImageEffects":true,"showParticleSystems":true,"showVisualEffectGraphs":true,"m_FxEnabled":true},"in2DMode":false,"pivot":{"x":0.005702752619981766,"y":0.6570786833763123,"z":0.0077808573842048649},"rotation":{"x":0.1932172328233719,"y":-0.14074121415615083,"z":0.02801717258989811,"w":0.9706048965454102},"size":0.10131166130304337,"orthographic":true}